pt,eta,m
15.037500552202697,-2.14060375208483,2.7782711080217615
12.586904469090056,1.7809156033724234,8.491030475846856
4.373967011936128,-0.24526313838440164,2.5007790529584835
3.5649614011641453,1.0286210400408577,1.385375128391125
3.3439531295491505,-1.9436688109037505,3.300867237447968
2.48768233091831,-0.8177598891625226,1.3796583711669916
2.2464885078239303,1.7455644977280314,1.8375069953643175
2.1797449587738402,-8.071068147033856,2.3387612791465076
