pt,eta,m
24.0024657948891,3.39693136347249,5.931458819456554
11.39058332934317,-2.1796071349581148,1.3116812665798905
8.958194272123187,1.4009830801346865,2.466264379925911
3.5649614011641453,1.0286210400408577,1.385375128391125
2.1376462300800347,-0.7410704326313319,1.172218172070111
2.125720970693987,2.418204608888062,1.8245962501869402
1.8254297278011031,-0.03236046511747068,0.9395700000000008
1.6925532105156107,-8.110365603402714,2.0683933326506128
1.539181615169957,-1.5893036495193658,0.935056154256617
